-- Games --
INSERT INTO public.games (id, created_at, updated_at, deleted_at, word, difficulty, language) VALUES ('d6882a4f-ae81-4320-b160-dd268962e70b', '2020-03-23 02:00:09.527915', '2020-03-23 02:00:19.035892', null, 'couch', 2, 0);
INSERT INTO public.games (id, created_at, updated_at, deleted_at, word, difficulty, language) VALUES ('d30dd980-0b04-4c56-bf58-797a3053811c', '2020-03-23 01:59:33.179842', '2020-03-23 01:59:39.338663', null, 'coffee', 0, 0);
INSERT INTO public.games (id, created_at, updated_at, deleted_at, word, difficulty, language) VALUES ('217e2de5-bf76-4228-b267-f4a364475cb3', '2020-03-23 01:58:14.868427', '2020-03-23 01:58:23.193331', null, 'chess', 2, 0);
INSERT INTO public.games (id, created_at, updated_at, deleted_at, word, difficulty, language) VALUES ('09244fc9-18c8-4f34-8ffd-a47b6f68402a', '2020-03-23 01:57:13.763578', '2020-03-23 01:57:21.154762', null, 'church', 2, 0);
INSERT INTO public.games (id, created_at, updated_at, deleted_at, word, difficulty, language) VALUES ('66cafa0c-b6fb-45ec-8bcb-44c466ce0255', '2020-03-23 01:56:42.473972', '2020-03-23 01:56:49.562520', null, 'bullhorn', 1, 0);
INSERT INTO public.games (id, created_at, updated_at, deleted_at, word, difficulty, language) VALUES ('fb214ff9-6bba-4f8d-933c-64aedfcd48b1', '2020-03-23 01:56:07.349954', '2020-03-23 01:56:18.504134', null, 'bike', 1, 0);
INSERT INTO public.games (id, created_at, updated_at, deleted_at, word, difficulty, language) VALUES ('803c2c6e-ea31-4f12-83dc-c90104cbda0e', '2020-03-23 01:54:07.429925', '2020-03-23 01:54:14.732117', null, 'bell', 1, 0);
INSERT INTO public.games (id, created_at, updated_at, deleted_at, word, difficulty, language) VALUES ('e91dd5e1-d533-49c1-b0eb-04d7b78b6b3f', '2020-03-23 01:53:11.529753', '2020-03-23 01:53:19.858061', null, 'hear', 2, 0);
INSERT INTO public.games (id, created_at, updated_at, deleted_at, word, difficulty, language) VALUES ('8c456e8f-8ea8-40c9-9ddf-405c00b7c4c0', '2020-03-23 01:52:20.321212', '2020-03-23 01:52:31.834040', null, 'trophy', 1, 0);
INSERT INTO public.games (id, created_at, updated_at, deleted_at, word, difficulty, language) VALUES ('0261cd02-ffd9-4212-84a8-c8d2e49084f2', '2020-03-23 01:43:39.758079', '2020-03-23 01:43:50.613176', null, 'arrival', 1, 0);
INSERT INTO public.games (id, created_at, updated_at, deleted_at, word, difficulty, language) VALUES ('70ffc34f-d56e-49fd-9ce2-e49116ff0ebc', '2020-03-23 01:42:21.664656', '2020-03-23 01:42:45.694127', null, 'departure', 0, 0);
INSERT INTO public.games (id, created_at, updated_at, deleted_at, word, difficulty, language) VALUES ('1225567f-2985-4aad-9832-8786982d60b7', '2020-03-23 01:38:46.958155', '2020-03-23 01:40:22.596536', null, 'plane', 0, 0);
INSERT INTO public.games (id, created_at, updated_at, deleted_at, word, difficulty, language) VALUES ('c75fb83c-3fe3-487b-aee4-0318c4feab63', '2020-03-23 01:34:26.782462', '2020-03-23 01:36:03.868224', null, 'horse', 1, 0);
INSERT INTO public.games (id, created_at, updated_at, deleted_at, word, difficulty, language) VALUES ('e109b603-1c74-4cd7-b22c-d8c56a54db40', '2020-03-23 01:32:32.959373', '2020-03-23 01:33:12.727142', null, 'television', 1, 0);
INSERT INTO public.games (id, created_at, updated_at, deleted_at, word, difficulty, language) VALUES ('b5706fd4-c401-4c58-9a90-b33c292ef833', '2020-03-23 01:29:53.095756', '2020-03-23 01:30:48.379440', null, 'music', 0, 0);
INSERT INTO public.games (id, created_at, updated_at, deleted_at, word, difficulty, language) VALUES ('36c47c5c-a858-4750-b092-d67185d9af84', '2020-03-23 01:25:47.741416', '2020-03-23 01:26:38.159960', null, 'light', 1, 0);
INSERT INTO public.games (id, created_at, updated_at, deleted_at, word, difficulty, language) VALUES ('c734def6-ef14-4749-859b-ae80f7b8781f', '2020-03-23 01:22:07.334263', '2020-03-23 01:23:27.169456', null, 'tent', 0, 0);
INSERT INTO public.games (id, created_at, updated_at, deleted_at, word, difficulty, language) VALUES ('c515d163-2f57-4c19-aeb0-f1669b001934', '2020-03-23 01:19:31.999020', '2020-03-23 01:20:08.774806', null, 'nose', 1, 0);
INSERT INTO public.games (id, created_at, updated_at, deleted_at, word, difficulty, language) VALUES ('0d661797-d3fd-49b0-98d9-88c083221053', '2020-03-23 01:17:11.066383', '2020-03-23 01:18:58.098212', null, 'snowshoes', 2, 0);
INSERT INTO public.games (id, created_at, updated_at, deleted_at, word, difficulty, language) VALUES ('3b80f52c-da12-452e-84fc-d58760ad7dd7', '2020-03-23 01:13:34.988563', '2020-03-23 01:16:41.063792', null, 'tray', 2, 0);
INSERT INTO public.games (id, created_at, updated_at, deleted_at, word, difficulty, language) VALUES ('0e6ae121-d68b-403a-a1f6-74e6b894af54', '2020-03-23 01:10:29.351329', '2020-03-23 01:12:44.301819', null, 'skating', 2, 0);
INSERT INTO public.games (id, created_at, updated_at, deleted_at, word, difficulty, language) VALUES ('9c9274a0-8131-4587-baa8-6c60e14de257', '2020-03-23 01:09:00.003112', '2020-03-23 01:09:19.115382', null, 'glasses', 0, 0);
INSERT INTO public.games (id, created_at, updated_at, deleted_at, word, difficulty, language) VALUES ('4f998e55-6a4f-4da6-84fd-4d393320da17', '2020-03-23 01:06:31.219862', '2020-03-23 01:07:38.936208', null, 'sweat', 2, 0);
INSERT INTO public.games (id, created_at, updated_at, deleted_at, word, difficulty, language) VALUES ('887fe395-268d-4b7b-8bad-6d151353f0b4', '2020-03-23 01:01:00.667287', '2020-03-23 01:02:08.233464', null, 'pepper', 2, 0);
INSERT INTO public.games (id, created_at, updated_at, deleted_at, word, difficulty, language) VALUES ('a31bcb6f-b0eb-4f21-9c9b-8437717d0a34', '2020-03-23 00:57:53.424815', '2020-03-23 00:59:34.909630', null, 'ask', 2, 0);
INSERT INTO public.games (id, created_at, updated_at, deleted_at, word, difficulty, language) VALUES ('0e455e82-d67c-4265-980f-ecadfafe621e', '2020-03-23 00:54:09.459521', '2020-03-23 00:55:56.897150', null, 'vegetarian', 2, 0);
INSERT INTO public.games (id, created_at, updated_at, deleted_at, word, difficulty, language) VALUES ('9fad5194-b80e-41f6-8d89-4830818f69a9', '2020-03-23 00:50:59.951316', '2020-03-23 00:52:18.930296', null, 'sledge', 2, 0);
INSERT INTO public.games (id, created_at, updated_at, deleted_at, word, difficulty, language) VALUES ('d2f6f895-e491-46d2-be37-075d5ff5151d', '2020-03-23 00:46:34.311797', '2020-03-23 00:48:29.961113', null, 'run', 1, 0);
INSERT INTO public.games (id, created_at, updated_at, deleted_at, word, difficulty, language) VALUES ('252bb3a6-7d2b-4e3c-a733-dd749e958bd2', '2020-03-23 00:45:01.602305', '2020-03-23 00:47:38.584657', null, 'dad', 1, 0);
INSERT INTO public.games (id, created_at, updated_at, deleted_at, word, difficulty, language) VALUES ('4ecfa077-bf39-4216-9255-8ce47f9ac549', '2020-03-23 00:44:07.847223', '2020-03-23 00:45:09.954447', null, 'walk', 1, 0);
INSERT INTO public.games (id, created_at, updated_at, deleted_at, word, difficulty, language) VALUES ('b817f8e5-f7fa-4267-91da-ba34829d4eed', '2020-03-23 00:41:44.176777', '2020-03-23 00:43:08.322169', null, 'chair', 0, 0);
INSERT INTO public.games (id, created_at, updated_at, deleted_at, word, difficulty, language) VALUES ('4c6ce0c3-b348-48ed-b708-8e3c91e76080', '2020-03-23 00:39:45.264976', '2020-03-23 00:42:26.316736', null, 'reaper', 0, 0);
INSERT INTO public.games (id, created_at, updated_at, deleted_at, word, difficulty, language) VALUES ('6bc485f2-24ba-490c-b452-77e6ae2e7eb9', '2020-03-23 00:37:04.532232', '2020-03-23 00:39:16.801489', null, 'pineapple', 1, 0);
INSERT INTO public.games (id, created_at, updated_at, deleted_at, word, difficulty, language) VALUES ('6c5fca05-8002-470d-8a5f-89e654be0f3a', '2020-03-23 00:36:06.123051', '2020-03-23 00:36:38.672276', null, 'basketball', 0, 0);
INSERT INTO public.games (id, created_at, updated_at, deleted_at, word, difficulty, language) VALUES ('84dadd49-52e1-4671-83f5-bd3aa3b2c4c3', '2020-03-23 00:34:46.780270', '2020-03-23 00:35:46.497678', null, 'cherry', 1, 0);
INSERT INTO public.games (id, created_at, updated_at, deleted_at, word, difficulty, language) VALUES ('ac06c822-6585-40f5-9c27-5b301f7979a6', '2020-03-23 00:30:46.897265', '2020-03-23 00:35:07.986535', null, 'cow', 0, 0);
INSERT INTO public.games (id, created_at, updated_at, deleted_at, word, difficulty, language) VALUES ('f32fb4ec-419f-4ddc-a95d-322f785662a7', '2020-03-23 00:29:10.636394', '2020-03-23 00:31:42.217444', null, 'flower', 0, 0);
INSERT INTO public.games (id, created_at, updated_at, deleted_at, word, difficulty, language) VALUES ('031d8c93-1ab6-4de6-845a-266e0eeb59bd', '2020-03-23 00:25:51.488049', '2020-03-23 00:27:22.398939', null, 'trump', 1, 0);
INSERT INTO public.games (id, created_at, updated_at, deleted_at, word, difficulty, language) VALUES ('764778d6-a78f-43b0-be33-fbf36a9f7aea', '2020-03-23 00:25:28.079439', '2020-03-23 00:27:44.009827', null, 'cake', 0, 0);
INSERT INTO public.games (id, created_at, updated_at, deleted_at, word, difficulty, language) VALUES ('a9eba4e0-189d-4438-be99-e1c760589cf7', '2020-03-23 00:22:30.654885', '2020-03-23 00:24:06.205844', null, 'boat', 0, 0);
INSERT INTO public.games (id, created_at, updated_at, deleted_at, word, difficulty, language) VALUES ('ceb22dd2-5dca-4ce9-8ec3-1e6ba1eff72c', '2020-03-22 23:23:11.237122', '2020-03-22 23:25:59.998874', null, 'cat', 0, 0);
INSERT INTO public.games (id, created_at, updated_at, deleted_at, word, difficulty, language) VALUES ('f3f00651-5384-4336-ac4b-f8a12822ee37', '2020-03-22 23:19:22.099417', '2020-03-22 23:21:50.569362', null, 'snake', 0, 0);

-- Hints --
INSERT INTO public.game_hints (game_id, hint) VALUES ('764778d6-a78f-43b0-be33-fbf36a9f7aea', 'It makes you fat');
INSERT INTO public.game_hints (game_id, hint) VALUES ('f3f00651-5384-4336-ac4b-f8a12822ee37', 'Can be poisonous');
INSERT INTO public.game_hints (game_id, hint) VALUES ('ceb22dd2-5dca-4ce9-8ec3-1e6ba1eff72c', 'Miaow');
INSERT INTO public.game_hints (game_id, hint) VALUES ('a9eba4e0-189d-4438-be99-e1c760589cf7', 'It''s present in a port');
INSERT INTO public.game_hints (game_id, hint) VALUES ('031d8c93-1ab6-4de6-845a-266e0eeb59bd', 'Enemy of Hillary');
INSERT INTO public.game_hints (game_id, hint) VALUES ('ac06c822-6585-40f5-9c27-5b301f7979a6', 'Farm animal');
INSERT INTO public.game_hints (game_id, hint) VALUES ('f32fb4ec-419f-4ddc-a95d-322f785662a7', 'It can be given');
INSERT INTO public.game_hints (game_id, hint) VALUES ('84dadd49-52e1-4671-83f5-bd3aa3b2c4c3', 'It''s good');
INSERT INTO public.game_hints (game_id, hint) VALUES ('6c5fca05-8002-470d-8a5f-89e654be0f3a', 'Dunk');
INSERT INTO public.game_hints (game_id, hint) VALUES ('6bc485f2-24ba-490c-b452-77e6ae2e7eb9', 'It''s does not go on pizza');
INSERT INTO public.game_hints (game_id, hint) VALUES ('4c6ce0c3-b348-48ed-b708-8e3c91e76080', 'Halloween');
INSERT INTO public.game_hints (game_id, hint) VALUES ('b817f8e5-f7fa-4267-91da-ba34829d4eed', 'It''s obvious');
INSERT INTO public.game_hints (game_id, hint) VALUES ('4ecfa077-bf39-4216-9255-8ce47f9ac549', 'If you can''t afford transit');
INSERT INTO public.game_hints (game_id, hint) VALUES ('252bb3a6-7d2b-4e3c-a733-dd749e958bd2', 'Left to buy milk');
INSERT INTO public.game_hints (game_id, hint) VALUES ('d2f6f895-e491-46d2-be37-075d5ff5151d', 'It''s faster than walking');
INSERT INTO public.game_hints (game_id, hint) VALUES ('9fad5194-b80e-41f6-8d89-4830818f69a9', 'For kids');
INSERT INTO public.game_hints (game_id, hint) VALUES ('0e455e82-d67c-4265-980f-ecadfafe621e', 'Carrots');
INSERT INTO public.game_hints (game_id, hint) VALUES ('a31bcb6f-b0eb-4f21-9c9b-8437717d0a34', 'Help');
INSERT INTO public.game_hints (game_id, hint) VALUES ('887fe395-268d-4b7b-8bad-6d151353f0b4', 'Is black');
INSERT INTO public.game_hints (game_id, hint) VALUES ('4f998e55-6a4f-4da6-84fd-4d393320da17', 'Lost when playing sports');
INSERT INTO public.game_hints (game_id, hint) VALUES ('9c9274a0-8131-4587-baa8-6c60e14de257', 'Needed to see close');
INSERT INTO public.game_hints (game_id, hint) VALUES ('0e6ae121-d68b-403a-a1f6-74e6b894af54', 'It`s an olympic sport');
INSERT INTO public.game_hints (game_id, hint) VALUES ('3b80f52c-da12-452e-84fc-d58760ad7dd7', 'Used to slide down a hill');
INSERT INTO public.game_hints (game_id, hint) VALUES ('0d661797-d3fd-49b0-98d9-88c083221053', 'It`s a slower way of walking');
INSERT INTO public.game_hints (game_id, hint) VALUES ('c515d163-2f57-4c19-aeb0-f1669b001934', 'Everybody has one');
INSERT INTO public.game_hints (game_id, hint) VALUES ('c734def6-ef14-4749-859b-ae80f7b8781f', 'You should have one in camping');
INSERT INTO public.game_hints (game_id, hint) VALUES ('36c47c5c-a858-4750-b092-d67185d9af84', 'Thomas Eddison');
INSERT INTO public.game_hints (game_id, hint) VALUES ('b5706fd4-c401-4c58-9a90-b33c292ef833', 'Artists');
INSERT INTO public.game_hints (game_id, hint) VALUES ('e109b603-1c74-4cd7-b22c-d8c56a54db40', 'It can show moving pictures');
INSERT INTO public.game_hints (game_id, hint) VALUES ('c75fb83c-3fe3-487b-aee4-0318c4feab63', 'It''s a domestic animal');
INSERT INTO public.game_hints (game_id, hint) VALUES ('1225567f-2985-4aad-9832-8786982d60b7', 'air');
INSERT INTO public.game_hints (game_id, hint) VALUES ('70ffc34f-d56e-49fd-9ce2-e49116ff0ebc', 'leave');
INSERT INTO public.game_hints (game_id, hint) VALUES ('0261cd02-ffd9-4212-84a8-c8d2e49084f2', 'ground');
INSERT INTO public.game_hints (game_id, hint) VALUES ('8c456e8f-8ea8-40c9-9ddf-405c00b7c4c0', 'succeed');
INSERT INTO public.game_hints (game_id, hint) VALUES ('e91dd5e1-d533-49c1-b0eb-04d7b78b6b3f', 'sense');
INSERT INTO public.game_hints (game_id, hint) VALUES ('803c2c6e-ea31-4f12-83dc-c90104cbda0e', 'notifications');
INSERT INTO public.game_hints (game_id, hint) VALUES ('fb214ff9-6bba-4f8d-933c-64aedfcd48b1', 'bixi');
INSERT INTO public.game_hints (game_id, hint) VALUES ('66cafa0c-b6fb-45ec-8bcb-44c466ce0255', 'police');
INSERT INTO public.game_hints (game_id, hint) VALUES ('09244fc9-18c8-4f34-8ffd-a47b6f68402a', 'Religion');
INSERT INTO public.game_hints (game_id, hint) VALUES ('217e2de5-bf76-4228-b267-f4a364475cb3', 'brain-teaser');
INSERT INTO public.game_hints (game_id, hint) VALUES ('d30dd980-0b04-4c56-bf58-797a3053811c', 'hot chocolate');
INSERT INTO public.game_hints (game_id, hint) VALUES ('d6882a4f-ae81-4320-b160-dd268962e70b', 'sit');

-- Images ---
INSERT INTO public.game_images (game_id, mode, svg_file, image_file, brush_size, black_level) VALUES ('252bb3a6-7d2b-4e3c-a733-dd749e958bd2', 3, '2a39cf55389ad5ee6645bbe512fb802d644231dc3a33c5ff5faf67264aafedfd', '21d699c43b0b5ebe8dbd213445d99fe33daf5716d9415e3628d33bf25eb4a68f', 1, 0.5);
INSERT INTO public.game_images (game_id, mode, svg_file, image_file, brush_size, black_level) VALUES ('e109b603-1c74-4cd7-b22c-d8c56a54db40', 0, 'ea7ac18f7f2fbae99766ae60b6c3540c3164dd91133c612c690483ffea3843a5', '', -1, 0);
INSERT INTO public.game_images (game_id, mode, svg_file, image_file, brush_size, black_level) VALUES ('3b80f52c-da12-452e-84fc-d58760ad7dd7', 2, '0c1a55c3911a6cc42d29f70742aee17dc1c74a91ad5fcde8d0a76b8de0c811e8', '', -1, 0);
INSERT INTO public.game_images (game_id, mode, svg_file, image_file, brush_size, black_level) VALUES ('9fad5194-b80e-41f6-8d89-4830818f69a9', 3, '557e1159d762e9ea129d1aa8c6d082a46c4426aaa359a7edf148cec535876f95', '', -1, 0);
INSERT INTO public.game_images (game_id, mode, svg_file, image_file, brush_size, black_level) VALUES ('f3f00651-5384-4336-ac4b-f8a12822ee37', 0, '39bdb7c1f6441c8524b57f60a0a12e871be0fa7b47c093d0d241a211d719e1af', '', -1, 0);
INSERT INTO public.game_images (game_id, mode, svg_file, image_file, brush_size, black_level) VALUES ('ac06c822-6585-40f5-9c27-5b301f7979a6', 3, '81652b7cf5c8d74dbb3796abed02c2d2df7125b0ee63dbd5dc53826c77ec2e1a', 'e16fc241406aab5be79bbe6ed68df3f160af2fa9f57a402e344abeaab2fa46e2', 12, 0.5);
INSERT INTO public.game_images (game_id, mode, svg_file, image_file, brush_size, black_level) VALUES ('ceb22dd2-5dca-4ce9-8ec3-1e6ba1eff72c', 4, '9cfcdf8b6f1ab56de6e069a112d07dc236897f5442b88fb4bb691819c526dce8', '', -1, 0);
INSERT INTO public.game_images (game_id, mode, svg_file, image_file, brush_size, black_level) VALUES ('84dadd49-52e1-4671-83f5-bd3aa3b2c4c3', 7, '66665ef7767a4089fab967106c8371d0940b1c305888b7f920da307a90d2e523', '', -1, 0);
INSERT INTO public.game_images (game_id, mode, svg_file, image_file, brush_size, black_level) VALUES ('887fe395-268d-4b7b-8bad-6d151353f0b4', 3, 'b198c7dc081f5b595408c8b9600a9be4af9f99d676aeb4444bb4b1d6ff995e6f', '6e15dfbe70d64aeaee18e5665da751912dbea87ad7d23f7514873b1bbaa1a7c8', 3, 0.71);
INSERT INTO public.game_images (game_id, mode, svg_file, image_file, brush_size, black_level) VALUES ('d2f6f895-e491-46d2-be37-075d5ff5151d', 5, '5013c1189731da02310ad2fda3be92df591021e3ce526b30299c380a6d490ed7', '5594098240e302a2910d5d43415a84fe2b4ac597aff977f0e6e9720984b8a66e', 4, 0.24);
INSERT INTO public.game_images (game_id, mode, svg_file, image_file, brush_size, black_level) VALUES ('6c5fca05-8002-470d-8a5f-89e654be0f3a', 2, '90ea8fbbbc75d0776d1e5281dca057cb937562c1b806b8884b313ee39ecf1a39', '5026589d488e29e8fde59797acc258a7b1f45c89b6375469149ade132dd1ce38', 12, 0.5);
INSERT INTO public.game_images (game_id, mode, svg_file, image_file, brush_size, black_level) VALUES ('a9eba4e0-189d-4438-be99-e1c760589cf7', 1, '5cba0cc36dcc496c52dbd48d8b4f7e7400396cf3435f835c2eb27dc353436d85', '', -1, 0);
INSERT INTO public.game_images (game_id, mode, svg_file, image_file, brush_size, black_level) VALUES ('031d8c93-1ab6-4de6-845a-266e0eeb59bd', 0, '3744ea35344275a7ad5c5074a133c239523a9c995f112778a4650fdf0aab4eab', '', -1, 0);
INSERT INTO public.game_images (game_id, mode, svg_file, image_file, brush_size, black_level) VALUES ('764778d6-a78f-43b0-be33-fbf36a9f7aea', 2, '981991eae3fde7f833a72693a75375d288896cae9f0e9611626ae75ccbfdce84', '', -1, 0);
INSERT INTO public.game_images (game_id, mode, svg_file, image_file, brush_size, black_level) VALUES ('6bc485f2-24ba-490c-b452-77e6ae2e7eb9', 1, '8def1683922c1fc411cbc94d3c9ac085744187937ced662a082450f23b5c1bdc', '', -1, 0);
INSERT INTO public.game_images (game_id, mode, svg_file, image_file, brush_size, black_level) VALUES ('4c6ce0c3-b348-48ed-b708-8e3c91e76080', 0, '8fec53cd02539698ada80ae3e1512b7aedff4d74e1fe3490ae5ecb6927434b80', '', -1, 0);
INSERT INTO public.game_images (game_id, mode, svg_file, image_file, brush_size, black_level) VALUES ('f32fb4ec-419f-4ddc-a95d-322f785662a7', 1, '41039feb500b2acadb2047eae66931771dfdb3f55c55122ba4177ebf30db600a', '', -1, 0);
INSERT INTO public.game_images (game_id, mode, svg_file, image_file, brush_size, black_level) VALUES ('b817f8e5-f7fa-4267-91da-ba34829d4eed', 2, '704f6d2105df2ce253943bddeb609a747ebc002d02849c2390cefd8796dde8a6', '', -1, 0);
INSERT INTO public.game_images (game_id, mode, svg_file, image_file, brush_size, black_level) VALUES ('4ecfa077-bf39-4216-9255-8ce47f9ac549', 0, '7a51e76a705329710cf750831cf12db26795c6b2cd0fabb85ac43eb1d5621933', '', 12, 0);
INSERT INTO public.game_images (game_id, mode, svg_file, image_file, brush_size, black_level) VALUES ('0e455e82-d67c-4265-980f-ecadfafe621e', 0, 'b7f105f696431277fd14715c6635df28767b87987f49330e7e8904fade120199', '', -1, 0);
INSERT INTO public.game_images (game_id, mode, svg_file, image_file, brush_size, black_level) VALUES ('0d661797-d3fd-49b0-98d9-88c083221053', 0, 'ef8202f4e4350ffcdb9dc73130fc102bcb57ae315fa62678ac9a5eeccdcc3b32', '', -1, 0);
INSERT INTO public.game_images (game_id, mode, svg_file, image_file, brush_size, black_level) VALUES ('a31bcb6f-b0eb-4f21-9c9b-8437717d0a34', 0, '8d9ada828e83774842267b21b2b6270e0b1b72eeac885a5cb71c5412ee8a34bd', '', -1, 0);
INSERT INTO public.game_images (game_id, mode, svg_file, image_file, brush_size, black_level) VALUES ('4f998e55-6a4f-4da6-84fd-4d393320da17', 0, '40d7d1c6593313f447aa51266652db8ecdf9918c65ddb92122729093851b6e3b', '', -1, 0);
INSERT INTO public.game_images (game_id, mode, svg_file, image_file, brush_size, black_level) VALUES ('c515d163-2f57-4c19-aeb0-f1669b001934', 0, 'b81fb2ffabc3df0229ecb3e3d14a40eeac2cc3f65feb91f7ea7d8bf86e6f35ff', '', -1, 0);
INSERT INTO public.game_images (game_id, mode, svg_file, image_file, brush_size, black_level) VALUES ('9c9274a0-8131-4587-baa8-6c60e14de257', 3, '7278d6216db7aec3070a1f499aed7ec2cec21e98c94fa998e6f98d6223aaf226', '', -1, 0);
INSERT INTO public.game_images (game_id, mode, svg_file, image_file, brush_size, black_level) VALUES ('0e6ae121-d68b-403a-a1f6-74e6b894af54', 0, '143018eaeaf44df9c8818649ac21cc67cd70cc42b898987395e6fd1ff563b4b2', '', 12, 0);
INSERT INTO public.game_images (game_id, mode, svg_file, image_file, brush_size, black_level) VALUES ('1225567f-2985-4aad-9832-8786982d60b7', 3, 'e0a142ef4e1b2d6c7416ec26d4581572d9c62c4b25dc4ee89f939454197692e2', 'a0d98c7b2313517800178e938da39284acd30ee71f975699b4ebe26e02e0008b', 12, 0.44);
INSERT INTO public.game_images (game_id, mode, svg_file, image_file, brush_size, black_level) VALUES ('c734def6-ef14-4749-859b-ae80f7b8781f', 0, '58ac297744efa307772b07749ba378a0cc1e20ee15763d22ebd57f72fa275adf', '', -1, 0);
INSERT INTO public.game_images (game_id, mode, svg_file, image_file, brush_size, black_level) VALUES ('36c47c5c-a858-4750-b092-d67185d9af84', 4, '60a1cd5dea6c6d6baf9303ca2891475a2dd144bb6fc25876e9a4ee159f5eea26', '', -1, 0);
INSERT INTO public.game_images (game_id, mode, svg_file, image_file, brush_size, black_level) VALUES ('b5706fd4-c401-4c58-9a90-b33c292ef833', 0, 'b96c037feb56aa8df4bb87efbd7ed30690be5e5b483c7c0f42c805df71fc2073', '', -1, 0);
INSERT INTO public.game_images (game_id, mode, svg_file, image_file, brush_size, black_level) VALUES ('70ffc34f-d56e-49fd-9ce2-e49116ff0ebc', 3, '538314cb2bdc0faf3cacff03380f0a033c295f8d98de82e969454d70b7d12672', '5a9db2f0fbc8a3a4e049152d3f6235cd51df4dc7e68afdcd36b1aa5d9b42c654', 12, 0.5);
INSERT INTO public.game_images (game_id, mode, svg_file, image_file, brush_size, black_level) VALUES ('c75fb83c-3fe3-487b-aee4-0318c4feab63', 3, 'd92089bef3b9b6c1d337cbb9be900d18f8784cb8d73277836b98bd8c74d19d23', '91942492bc39489e2e3d075c21c343dcfa10e498269a17cd4ff353290d661846', 7, 0.87);
INSERT INTO public.game_images (game_id, mode, svg_file, image_file, brush_size, black_level) VALUES ('0261cd02-ffd9-4212-84a8-c8d2e49084f2', 3, '678eb8719f5c5b3f8e068c173e8fd4852f8f5e0cac16c3e871d752f1c3ba9164', 'a54e630c3fdbc5be3a5767baefabb74ba76dc99edde83a1c1d965c840931e83a', 12, 0.5);
INSERT INTO public.game_images (game_id, mode, svg_file, image_file, brush_size, black_level) VALUES ('8c456e8f-8ea8-40c9-9ddf-405c00b7c4c0', 3, 'b18d5a3305d57ea96e9925d13851289050c3ec57ba4b92f2a14d0a33aa12b15a', 'a21106c5856626a00898abefdc5367d761a75ab0e7279ab022788bffe227f7e0', 12, 0.5);
INSERT INTO public.game_images (game_id, mode, svg_file, image_file, brush_size, black_level) VALUES ('e91dd5e1-d533-49c1-b0eb-04d7b78b6b3f', 3, '5bfc8efb7b406fa7c68950e839c4ca1b97b992ecc52844b14dfd14e9a2e09d34', '755dbf768ce67c4eb28ce35f3f7b2a26aa2cf82cbac770d1f8fe927ce27b52cd', 12, 0.5);
INSERT INTO public.game_images (game_id, mode, svg_file, image_file, brush_size, black_level) VALUES ('803c2c6e-ea31-4f12-83dc-c90104cbda0e', 3, '6944ae79902373896d4b65238ed354ff347be894b909a1e33a2bcb9a7b188434', '9ea793163134b0493dce0cccc6ef31fe7056cdf1594a69982465b7b89e3b6a25', 12, 0.5);
INSERT INTO public.game_images (game_id, mode, svg_file, image_file, brush_size, black_level) VALUES ('fb214ff9-6bba-4f8d-933c-64aedfcd48b1', 3, '7cf47d68f4213f8f4b30554f79ca74b6e725dbb30a556577945a8ce930dbe86f', 'ddd0bb19b1f1301d4549145fa5392221c32487c90ddb69819d1a692365b259e7', 12, 0.5);
INSERT INTO public.game_images (game_id, mode, svg_file, image_file, brush_size, black_level) VALUES ('66cafa0c-b6fb-45ec-8bcb-44c466ce0255', 3, 'bbc41af0f6485c8129b51a9b6287f7f1a590710cfc00df25ff24c9bc77238147', '07470bc70701f770fe3254374f2cbbc092d94765cf5159024b3c2a4e56e5eb0a', 12, 0.5);
INSERT INTO public.game_images (game_id, mode, svg_file, image_file, brush_size, black_level) VALUES ('09244fc9-18c8-4f34-8ffd-a47b6f68402a', 3, '38d870fa00f85c8fe5fd0c0f5c0dd7abd1294c95899e2c11bb1f11b1e3f037e3', '197ca1375391a60f2b86bdc94956d84bc7225770f34e43abc26be4ee61783202', 12, 0.5);
INSERT INTO public.game_images (game_id, mode, svg_file, image_file, brush_size, black_level) VALUES ('217e2de5-bf76-4228-b267-f4a364475cb3', 3, 'de355ad259a55cdd62b07a0b989c118fd4d5f37d774f314ff946e14fdc7d3416', '91fd0adf8912281d2693db7c10e38b2fae7f59781cf90677770d6469c2860693', 12, 0.5);
INSERT INTO public.game_images (game_id, mode, svg_file, image_file, brush_size, black_level) VALUES ('d30dd980-0b04-4c56-bf58-797a3053811c', 3, 'd972b5fd3e39b9e4c1d14c931897f78e18b53cc0a257e6ac1f9ef8a02f05959f', '7d131ba18e8b88be061d2bef3e6daa6979846b922ab3cb63397cd251f29b5008', 12, 0.5);
INSERT INTO public.game_images (game_id, mode, svg_file, image_file, brush_size, black_level) VALUES ('d6882a4f-ae81-4320-b160-dd268962e70b', 3, 'c5d6880e478e78985fd111ce74f27cf804de1b4ea7f50bbad9ac10c13726bfe1', '5570c98bab12a6ca89d9275e461457ed7ceed1dc0cce9b671579576a36ba2d61', 12, 0.5);

-- Games FR --
INSERT INTO public.games (id, created_at, updated_at, deleted_at, word, difficulty, language) VALUES ('2a766b0c-01ce-44e1-9eb5-447319bfaa7a', '2020-03-23 02:00:09.527915', '2020-03-23 02:00:19.035892', null, 'divan', 2, 0);
INSERT INTO public.games (id, created_at, updated_at, deleted_at, word, difficulty, language) VALUES ('587636d5-11ab-45e1-8e9d-6ca3b9405a4c', '2020-03-23 01:59:33.179842', '2020-03-23 01:59:39.338663', null, 'café', 0, 0);
INSERT INTO public.games (id, created_at, updated_at, deleted_at, word, difficulty, language) VALUES ('00813e6a-09d8-41e4-bcfb-23614684045b', '2020-03-23 01:58:14.868427', '2020-03-23 01:58:23.193331', null, 'échecs', 2, 0);
INSERT INTO public.games (id, created_at, updated_at, deleted_at, word, difficulty, language) VALUES ('91c11ef6-07cb-4563-bbf6-3970a51d2e03', '2020-03-23 01:57:13.763578', '2020-03-23 01:57:21.154762', null, 'église', 2, 0);
INSERT INTO public.games (id, created_at, updated_at, deleted_at, word, difficulty, language) VALUES ('be31382f-d3df-4866-aeb6-b5bd0b553000', '2020-03-23 01:56:42.473972', '2020-03-23 01:56:49.562520', null, 'mégaphone', 1, 0);
INSERT INTO public.games (id, created_at, updated_at, deleted_at, word, difficulty, language) VALUES ('3cb41a2c-69ed-4821-8d92-5e861c184cee', '2020-03-23 01:56:07.349954', '2020-03-23 01:56:18.504134', null, 'vélo', 1, 0);
INSERT INTO public.games (id, created_at, updated_at, deleted_at, word, difficulty, language) VALUES ('ebe26f88-d423-4d55-9580-a2b9774e410a', '2020-03-23 01:54:07.429925', '2020-03-23 01:54:14.732117', null, 'cloche', 1, 0);
INSERT INTO public.games (id, created_at, updated_at, deleted_at, word, difficulty, language) VALUES ('a48743a4-30e2-4c12-be11-563286522cfd', '2020-03-23 01:53:11.529753', '2020-03-23 01:53:19.858061', null, 'écouter', 2, 0);
INSERT INTO public.games (id, created_at, updated_at, deleted_at, word, difficulty, language) VALUES ('d65c7172-a45c-4f8b-8d4f-7ff483344190', '2020-03-23 01:52:20.321212', '2020-03-23 01:52:31.834040', null, 'trophée', 1, 0);
INSERT INTO public.games (id, created_at, updated_at, deleted_at, word, difficulty, language) VALUES ('3fd30e32-0e4a-4b04-a44e-4c97aa8a5595', '2020-03-23 01:43:39.758079', '2020-03-23 01:43:50.613176', null, 'arrivé', 1, 0);
INSERT INTO public.games (id, created_at, updated_at, deleted_at, word, difficulty, language) VALUES ('7568ddaa-03ca-41da-b270-9920a880783a', '2020-03-23 01:42:21.664656', '2020-03-23 01:42:45.694127', null, 'départ', 0, 0);
INSERT INTO public.games (id, created_at, updated_at, deleted_at, word, difficulty, language) VALUES ('9b16d0a3-a331-4f49-915f-46588eec4e5d', '2020-03-23 01:38:46.958155', '2020-03-23 01:40:22.596536', null, 'avion', 0, 0);
INSERT INTO public.games (id, created_at, updated_at, deleted_at, word, difficulty, language) VALUES ('9752c813-14ed-4d8e-9676-2c2b075e08d3', '2020-03-23 01:34:26.782462', '2020-03-23 01:36:03.868224', null, 'cheval', 1, 0);
INSERT INTO public.games (id, created_at, updated_at, deleted_at, word, difficulty, language) VALUES ('b10fc911-8141-49e1-bfaa-e35307b1c9f6', '2020-03-23 01:32:32.959373', '2020-03-23 01:33:12.727142', null, 'télévision', 1, 0);
INSERT INTO public.games (id, created_at, updated_at, deleted_at, word, difficulty, language) VALUES ('f19f8355-dd6b-4f8d-b8f6-086c7e961166', '2020-03-23 01:29:53.095756', '2020-03-23 01:30:48.379440', null, 'musique', 0, 0);
INSERT INTO public.games (id, created_at, updated_at, deleted_at, word, difficulty, language) VALUES ('b4270861-1acd-4fa8-a7b0-a1516cf19cd9', '2020-03-23 01:25:47.741416', '2020-03-23 01:26:38.159960', null, 'lumière', 1, 0);
INSERT INTO public.games (id, created_at, updated_at, deleted_at, word, difficulty, language) VALUES ('6ae9cc21-76af-46f4-afd0-80710524347c', '2020-03-23 01:22:07.334263', '2020-03-23 01:23:27.169456', null, 'tente', 0, 0);
INSERT INTO public.games (id, created_at, updated_at, deleted_at, word, difficulty, language) VALUES ('d80d74a5-5edc-498f-8036-34a9d00640d0', '2020-03-23 01:19:31.999020', '2020-03-23 01:20:08.774806', null, 'nez', 1, 0);
INSERT INTO public.games (id, created_at, updated_at, deleted_at, word, difficulty, language) VALUES ('e1480c02-9aa0-4fa5-9886-a58e9d961f35', '2020-03-23 01:17:11.066383', '2020-03-23 01:18:58.098212', null, 'raquettes', 2, 0);
INSERT INTO public.games (id, created_at, updated_at, deleted_at, word, difficulty, language) VALUES ('efa3723d-c7aa-4f05-85bf-8831b8caf193', '2020-03-23 01:13:34.988563', '2020-03-23 01:16:41.063792', null, 'plateau', 2, 0);
INSERT INTO public.games (id, created_at, updated_at, deleted_at, word, difficulty, language) VALUES ('62f4ab87-1d35-48fa-8602-4b4a107af72e', '2020-03-23 01:10:29.351329', '2020-03-23 01:12:44.301819', null, 'patiner', 2, 0);
INSERT INTO public.games (id, created_at, updated_at, deleted_at, word, difficulty, language) VALUES ('469958c4-385e-44f1-b51d-9628f7978ea3', '2020-03-23 01:09:00.003112', '2020-03-23 01:09:19.115382', null, 'lunettes', 0, 0);
INSERT INTO public.games (id, created_at, updated_at, deleted_at, word, difficulty, language) VALUES ('1b89244e-a409-4ae7-9b76-8d412245edab', '2020-03-23 01:06:31.219862', '2020-03-23 01:07:38.936208', null, 'sueur', 2, 0);
INSERT INTO public.games (id, created_at, updated_at, deleted_at, word, difficulty, language) VALUES ('3d082c83-0e33-4141-895e-48c2adedd622', '2020-03-23 01:01:00.667287', '2020-03-23 01:02:08.233464', null, 'poivre', 2, 0);
INSERT INTO public.games (id, created_at, updated_at, deleted_at, word, difficulty, language) VALUES ('9b4c7ea4-3e26-4d6e-aca3-20484133628a', '2020-03-23 00:57:53.424815', '2020-03-23 00:59:34.909630', null, 'demander', 2, 0);
INSERT INTO public.games (id, created_at, updated_at, deleted_at, word, difficulty, language) VALUES ('640dd67f-4461-487d-b055-67bc9ab1de52', '2020-03-23 00:54:09.459521', '2020-03-23 00:55:56.897150', null, 'végétarien', 2, 0);
INSERT INTO public.games (id, created_at, updated_at, deleted_at, word, difficulty, language) VALUES ('74000564-c613-4a36-9b82-3d2bd8b238d9', '2020-03-23 00:50:59.951316', '2020-03-23 00:52:18.930296', null, 'luge', 2, 0);
INSERT INTO public.games (id, created_at, updated_at, deleted_at, word, difficulty, language) VALUES ('0513f55a-d0db-4912-862c-a9eb21c86f02', '2020-03-23 00:46:34.311797', '2020-03-23 00:48:29.961113', null, 'courir', 1, 0);
INSERT INTO public.games (id, created_at, updated_at, deleted_at, word, difficulty, language) VALUES ('4ab3f779-6aee-48ce-8915-9467e4d55116', '2020-03-23 00:45:01.602305', '2020-03-23 00:47:38.584657', null, 'père', 1, 0);
INSERT INTO public.games (id, created_at, updated_at, deleted_at, word, difficulty, language) VALUES ('02c27934-6278-409d-94da-9a9d5e1d4e93', '2020-03-23 00:44:07.847223', '2020-03-23 00:45:09.954447', null, 'marcher', 1, 0);
INSERT INTO public.games (id, created_at, updated_at, deleted_at, word, difficulty, language) VALUES ('68671d25-4606-4094-9d4d-851174daddab', '2020-03-23 00:41:44.176777', '2020-03-23 00:43:08.322169', null, 'chaise', 0, 0);
INSERT INTO public.games (id, created_at, updated_at, deleted_at, word, difficulty, language) VALUES ('d55ef4ec-b6de-4d20-9aa2-e561a2e08032', '2020-03-23 00:39:45.264976', '2020-03-23 00:42:26.316736', null, 'faucheur', 0, 0);
INSERT INTO public.games (id, created_at, updated_at, deleted_at, word, difficulty, language) VALUES ('440c7dba-d624-4119-849f-b9f73741289a', '2020-03-23 00:37:04.532232', '2020-03-23 00:39:16.801489', null, 'ananas', 1, 0);
INSERT INTO public.games (id, created_at, updated_at, deleted_at, word, difficulty, language) VALUES ('3b6a0115-bce7-45c6-999d-7e9cc8e5c37d', '2020-03-23 00:36:06.123051', '2020-03-23 00:36:38.672276', null, 'basketball', 0, 0);
INSERT INTO public.games (id, created_at, updated_at, deleted_at, word, difficulty, language) VALUES ('c6f72b54-68e0-4f67-9680-f6d6c7851bea', '2020-03-23 00:34:46.780270', '2020-03-23 00:35:46.497678', null, 'cerise', 1, 0);
INSERT INTO public.games (id, created_at, updated_at, deleted_at, word, difficulty, language) VALUES ('00b7e282-8ff7-498a-b606-ea14344176f7', '2020-03-23 00:30:46.897265', '2020-03-23 00:35:07.986535', null, 'vache', 0, 0);
INSERT INTO public.games (id, created_at, updated_at, deleted_at, word, difficulty, language) VALUES ('56d00d61-9c1e-4142-813f-aba3f7ce6fc1', '2020-03-23 00:29:10.636394', '2020-03-23 00:31:42.217444', null, 'fleur', 0, 0);
INSERT INTO public.games (id, created_at, updated_at, deleted_at, word, difficulty, language) VALUES ('9d32730e-0098-4b31-b2d3-2bf027db0006', '2020-03-23 00:25:51.488049', '2020-03-23 00:27:22.398939', null, 'trump', 1, 0);
INSERT INTO public.games (id, created_at, updated_at, deleted_at, word, difficulty, language) VALUES ('92bdf196-b537-47d1-a4b4-cb24b68e54a4', '2020-03-23 00:25:28.079439', '2020-03-23 00:27:44.009827', null, 'gâteau', 0, 0);
INSERT INTO public.games (id, created_at, updated_at, deleted_at, word, difficulty, language) VALUES ('4bfbd3fe-9df3-49dc-bf8e-7d95d152e80c', '2020-03-23 00:22:30.654885', '2020-03-23 00:24:06.205844', null, 'bateau', 0, 0);
INSERT INTO public.games (id, created_at, updated_at, deleted_at, word, difficulty, language) VALUES ('131a80f7-9d0b-4204-a6e6-45c6adf33bfd', '2020-03-22 23:23:11.237122', '2020-03-22 23:25:59.998874', null, 'chat', 0, 0);
INSERT INTO public.games (id, created_at, updated_at, deleted_at, word, difficulty, language) VALUES ('194b30c3-4c3d-45fa-b996-81a712d38579', '2020-03-22 23:19:22.099417', '2020-03-22 23:21:50.569362', null, 'serpent', 0, 0);

-- Hints --
INSERT INTO public.game_hints (game_id, hint) VALUES ('92bdf196-b537-47d1-a4b4-cb24b68e54a4', 'Ça te fait grossir');
INSERT INTO public.game_hints (game_id, hint) VALUES ('194b30c3-4c3d-45fa-b996-81a712d38579', 'Peut être mortel');
INSERT INTO public.game_hints (game_id, hint) VALUES ('131a80f7-9d0b-4204-a6e6-45c6adf33bfd', 'Miaow');
INSERT INTO public.game_hints (game_id, hint) VALUES ('4bfbd3fe-9df3-49dc-bf8e-7d95d152e80c', 'On en retrouve dans les ports');
INSERT INTO public.game_hints (game_id, hint) VALUES ('9d32730e-0098-4b31-b2d3-2bf027db0006', 'L''ennemi d''Hillary');
INSERT INTO public.game_hints (game_id, hint) VALUES ('00b7e282-8ff7-498a-b606-ea14344176f7', 'Animal de ferme');
INSERT INTO public.game_hints (game_id, hint) VALUES ('56d00d61-9c1e-4142-813f-aba3f7ce6fc1', 'Peut être donné');
INSERT INTO public.game_hints (game_id, hint) VALUES ('c6f72b54-68e0-4f67-9680-f6d6c7851bea', 'C''est bon');
INSERT INTO public.game_hints (game_id, hint) VALUES ('3b6a0115-bce7-45c6-999d-7e9cc8e5c37d', 'Dunk');
INSERT INTO public.game_hints (game_id, hint) VALUES ('440c7dba-d624-4119-849f-b9f73741289a', 'Ça ne va pas sur la pizza');
INSERT INTO public.game_hints (game_id, hint) VALUES ('d55ef4ec-b6de-4d20-9aa2-e561a2e08032', 'Halloween');
INSERT INTO public.game_hints (game_id, hint) VALUES ('68671d25-4606-4094-9d4d-851174daddab', 'C''est évident');
INSERT INTO public.game_hints (game_id, hint) VALUES ('02c27934-6278-409d-94da-9a9d5e1d4e93', 'Si vous ne pouvez pas utiliser le bus');
INSERT INTO public.game_hints (game_id, hint) VALUES ('4ab3f779-6aee-48ce-8915-9467e4d55116', 'Parti chercher du lait');
INSERT INTO public.game_hints (game_id, hint) VALUES ('0513f55a-d0db-4912-862c-a9eb21c86f02', 'C''est plus rapide que marcher');
INSERT INTO public.game_hints (game_id, hint) VALUES ('74000564-c613-4a36-9b82-3d2bd8b238d9', 'Pour les enfants');
INSERT INTO public.game_hints (game_id, hint) VALUES ('640dd67f-4461-487d-b055-67bc9ab1de52', 'Carottes');
INSERT INTO public.game_hints (game_id, hint) VALUES ('9b4c7ea4-3e26-4d6e-aca3-20484133628a', 'Aide');
INSERT INTO public.game_hints (game_id, hint) VALUES ('3d082c83-0e33-4141-895e-48c2adedd622', 'Est noir');
INSERT INTO public.game_hints (game_id, hint) VALUES ('1b89244e-a409-4ae7-9b76-8d412245edab', 'Perdu en faisant du sport');
INSERT INTO public.game_hints (game_id, hint) VALUES ('469958c4-385e-44f1-b51d-9628f7978ea3', 'Besoin de voir de près');
INSERT INTO public.game_hints (game_id, hint) VALUES ('62f4ab87-1d35-48fa-8602-4b4a107af72e', 'C''est un sport olympique');
INSERT INTO public.game_hints (game_id, hint) VALUES ('efa3723d-c7aa-4f05-85bf-8831b8caf193', 'On l''utilise pour descendre les montagnes');
INSERT INTO public.game_hints (game_id, hint) VALUES ('e1480c02-9aa0-4fa5-9886-a58e9d961f35', 'C''est plus lent que de marcher');
INSERT INTO public.game_hints (game_id, hint) VALUES ('d80d74a5-5edc-498f-8036-34a9d00640d0', 'Tout le monde en possède un');
INSERT INTO public.game_hints (game_id, hint) VALUES ('6ae9cc21-76af-46f4-afd0-80710524347c', 'Tu devrais en avoir une en camping.');
INSERT INTO public.game_hints (game_id, hint) VALUES ('b4270861-1acd-4fa8-a7b0-a1516cf19cd9', 'Thomas Eddison');
INSERT INTO public.game_hints (game_id, hint) VALUES ('f19f8355-dd6b-4f8d-b8f6-086c7e961166', 'Artistes');
INSERT INTO public.game_hints (game_id, hint) VALUES ('b10fc911-8141-49e1-bfaa-e35307b1c9f6', 'Ça affiche des images qui bougent');
INSERT INTO public.game_hints (game_id, hint) VALUES ('9752c813-14ed-4d8e-9676-2c2b075e08d3', 'C''est un animal domestique');
INSERT INTO public.game_hints (game_id, hint) VALUES ('9b16d0a3-a331-4f49-915f-46588eec4e5d', 'Air');
INSERT INTO public.game_hints (game_id, hint) VALUES ('7568ddaa-03ca-41da-b270-9920a880783a', 'Partir');
INSERT INTO public.game_hints (game_id, hint) VALUES ('3fd30e32-0e4a-4b04-a44e-4c97aa8a5595', 'Sol');
INSERT INTO public.game_hints (game_id, hint) VALUES ('d65c7172-a45c-4f8b-8d4f-7ff483344190', 'Succès');
INSERT INTO public.game_hints (game_id, hint) VALUES ('a48743a4-30e2-4c12-be11-563286522cfd', 'Sens');
INSERT INTO public.game_hints (game_id, hint) VALUES ('ebe26f88-d423-4d55-9580-a2b9774e410a', 'Notifications');
INSERT INTO public.game_hints (game_id, hint) VALUES ('3cb41a2c-69ed-4821-8d92-5e861c184cee', 'Bixi');
INSERT INTO public.game_hints (game_id, hint) VALUES ('be31382f-d3df-4866-aeb6-b5bd0b553000', 'Police');
INSERT INTO public.game_hints (game_id, hint) VALUES ('91c11ef6-07cb-4563-bbf6-3970a51d2e03', 'Religion');
INSERT INTO public.game_hints (game_id, hint) VALUES ('00813e6a-09d8-41e4-bcfb-23614684045b', 'Casse-tête');
INSERT INTO public.game_hints (game_id, hint) VALUES ('587636d5-11ab-45e1-8e9d-6ca3b9405a4c', 'Chocolat chaud');
INSERT INTO public.game_hints (game_id, hint) VALUES ('2a766b0c-01ce-44e1-9eb5-447319bfaa7a', 'S''asseoir');

-- Images ---
INSERT INTO public.game_images (game_id, mode, svg_file, image_file, brush_size, black_level) VALUES ('4ab3f779-6aee-48ce-8915-9467e4d55116', 3, '2a39cf55389ad5ee6645bbe512fb802d644231dc3a33c5ff5faf67264aafedfd', '21d699c43b0b5ebe8dbd213445d99fe33daf5716d9415e3628d33bf25eb4a68f', 1, 0.5);
INSERT INTO public.game_images (game_id, mode, svg_file, image_file, brush_size, black_level) VALUES ('b10fc911-8141-49e1-bfaa-e35307b1c9f6', 0, 'ea7ac18f7f2fbae99766ae60b6c3540c3164dd91133c612c690483ffea3843a5', '', -1, 0);
INSERT INTO public.game_images (game_id, mode, svg_file, image_file, brush_size, black_level) VALUES ('efa3723d-c7aa-4f05-85bf-8831b8caf193', 2, '0c1a55c3911a6cc42d29f70742aee17dc1c74a91ad5fcde8d0a76b8de0c811e8', '', -1, 0);
INSERT INTO public.game_images (game_id, mode, svg_file, image_file, brush_size, black_level) VALUES ('74000564-c613-4a36-9b82-3d2bd8b238d9', 3, '557e1159d762e9ea129d1aa8c6d082a46c4426aaa359a7edf148cec535876f95', '', -1, 0);
INSERT INTO public.game_images (game_id, mode, svg_file, image_file, brush_size, black_level) VALUES ('194b30c3-4c3d-45fa-b996-81a712d38579', 0, '39bdb7c1f6441c8524b57f60a0a12e871be0fa7b47c093d0d241a211d719e1af', '', -1, 0);
INSERT INTO public.game_images (game_id, mode, svg_file, image_file, brush_size, black_level) VALUES ('00b7e282-8ff7-498a-b606-ea14344176f7', 3, '81652b7cf5c8d74dbb3796abed02c2d2df7125b0ee63dbd5dc53826c77ec2e1a', 'e16fc241406aab5be79bbe6ed68df3f160af2fa9f57a402e344abeaab2fa46e2', 12, 0.5);
INSERT INTO public.game_images (game_id, mode, svg_file, image_file, brush_size, black_level) VALUES ('131a80f7-9d0b-4204-a6e6-45c6adf33bfd', 4, '9cfcdf8b6f1ab56de6e069a112d07dc236897f5442b88fb4bb691819c526dce8', '', -1, 0);
INSERT INTO public.game_images (game_id, mode, svg_file, image_file, brush_size, black_level) VALUES ('c6f72b54-68e0-4f67-9680-f6d6c7851bea', 7, '66665ef7767a4089fab967106c8371d0940b1c305888b7f920da307a90d2e523', '', -1, 0);
INSERT INTO public.game_images (game_id, mode, svg_file, image_file, brush_size, black_level) VALUES ('3d082c83-0e33-4141-895e-48c2adedd622', 3, 'b198c7dc081f5b595408c8b9600a9be4af9f99d676aeb4444bb4b1d6ff995e6f', '6e15dfbe70d64aeaee18e5665da751912dbea87ad7d23f7514873b1bbaa1a7c8', 3, 0.71);
INSERT INTO public.game_images (game_id, mode, svg_file, image_file, brush_size, black_level) VALUES ('0513f55a-d0db-4912-862c-a9eb21c86f02', 5, '5013c1189731da02310ad2fda3be92df591021e3ce526b30299c380a6d490ed7', '5594098240e302a2910d5d43415a84fe2b4ac597aff977f0e6e9720984b8a66e', 4, 0.24);
INSERT INTO public.game_images (game_id, mode, svg_file, image_file, brush_size, black_level) VALUES ('3b6a0115-bce7-45c6-999d-7e9cc8e5c37d', 2, '90ea8fbbbc75d0776d1e5281dca057cb937562c1b806b8884b313ee39ecf1a39', '5026589d488e29e8fde59797acc258a7b1f45c89b6375469149ade132dd1ce38', 12, 0.5);
INSERT INTO public.game_images (game_id, mode, svg_file, image_file, brush_size, black_level) VALUES ('4bfbd3fe-9df3-49dc-bf8e-7d95d152e80c', 1, '5cba0cc36dcc496c52dbd48d8b4f7e7400396cf3435f835c2eb27dc353436d85', '', -1, 0);
INSERT INTO public.game_images (game_id, mode, svg_file, image_file, brush_size, black_level) VALUES ('9d32730e-0098-4b31-b2d3-2bf027db0006', 0, '3744ea35344275a7ad5c5074a133c239523a9c995f112778a4650fdf0aab4eab', '', -1, 0);
INSERT INTO public.game_images (game_id, mode, svg_file, image_file, brush_size, black_level) VALUES ('92bdf196-b537-47d1-a4b4-cb24b68e54a4', 2, '981991eae3fde7f833a72693a75375d288896cae9f0e9611626ae75ccbfdce84', '', -1, 0);
INSERT INTO public.game_images (game_id, mode, svg_file, image_file, brush_size, black_level) VALUES ('440c7dba-d624-4119-849f-b9f73741289a', 1, '8def1683922c1fc411cbc94d3c9ac085744187937ced662a082450f23b5c1bdc', '', -1, 0);
INSERT INTO public.game_images (game_id, mode, svg_file, image_file, brush_size, black_level) VALUES ('d55ef4ec-b6de-4d20-9aa2-e561a2e08032', 0, '8fec53cd02539698ada80ae3e1512b7aedff4d74e1fe3490ae5ecb6927434b80', '', -1, 0);
INSERT INTO public.game_images (game_id, mode, svg_file, image_file, brush_size, black_level) VALUES ('56d00d61-9c1e-4142-813f-aba3f7ce6fc1', 1, '41039feb500b2acadb2047eae66931771dfdb3f55c55122ba4177ebf30db600a', '', -1, 0);
INSERT INTO public.game_images (game_id, mode, svg_file, image_file, brush_size, black_level) VALUES ('68671d25-4606-4094-9d4d-851174daddab', 2, '704f6d2105df2ce253943bddeb609a747ebc002d02849c2390cefd8796dde8a6', '', -1, 0);
INSERT INTO public.game_images (game_id, mode, svg_file, image_file, brush_size, black_level) VALUES ('02c27934-6278-409d-94da-9a9d5e1d4e93', 0, '7a51e76a705329710cf750831cf12db26795c6b2cd0fabb85ac43eb1d5621933', '', 12, 0);
INSERT INTO public.game_images (game_id, mode, svg_file, image_file, brush_size, black_level) VALUES ('640dd67f-4461-487d-b055-67bc9ab1de52', 0, 'b7f105f696431277fd14715c6635df28767b87987f49330e7e8904fade120199', '', -1, 0);
INSERT INTO public.game_images (game_id, mode, svg_file, image_file, brush_size, black_level) VALUES ('e1480c02-9aa0-4fa5-9886-a58e9d961f35', 0, 'ef8202f4e4350ffcdb9dc73130fc102bcb57ae315fa62678ac9a5eeccdcc3b32', '', -1, 0);
INSERT INTO public.game_images (game_id, mode, svg_file, image_file, brush_size, black_level) VALUES ('9b4c7ea4-3e26-4d6e-aca3-20484133628a', 0, '8d9ada828e83774842267b21b2b6270e0b1b72eeac885a5cb71c5412ee8a34bd', '', -1, 0);
INSERT INTO public.game_images (game_id, mode, svg_file, image_file, brush_size, black_level) VALUES ('1b89244e-a409-4ae7-9b76-8d412245edab', 0, '40d7d1c6593313f447aa51266652db8ecdf9918c65ddb92122729093851b6e3b', '', -1, 0);
INSERT INTO public.game_images (game_id, mode, svg_file, image_file, brush_size, black_level) VALUES ('d80d74a5-5edc-498f-8036-34a9d00640d0', 0, 'b81fb2ffabc3df0229ecb3e3d14a40eeac2cc3f65feb91f7ea7d8bf86e6f35ff', '', -1, 0);
INSERT INTO public.game_images (game_id, mode, svg_file, image_file, brush_size, black_level) VALUES ('469958c4-385e-44f1-b51d-9628f7978ea3', 3, '7278d6216db7aec3070a1f499aed7ec2cec21e98c94fa998e6f98d6223aaf226', '', -1, 0);
INSERT INTO public.game_images (game_id, mode, svg_file, image_file, brush_size, black_level) VALUES ('62f4ab87-1d35-48fa-8602-4b4a107af72e', 0, '143018eaeaf44df9c8818649ac21cc67cd70cc42b898987395e6fd1ff563b4b2', '', 12, 0);
INSERT INTO public.game_images (game_id, mode, svg_file, image_file, brush_size, black_level) VALUES ('9b16d0a3-a331-4f49-915f-46588eec4e5d', 3, 'e0a142ef4e1b2d6c7416ec26d4581572d9c62c4b25dc4ee89f939454197692e2', 'a0d98c7b2313517800178e938da39284acd30ee71f975699b4ebe26e02e0008b', 12, 0.44);
INSERT INTO public.game_images (game_id, mode, svg_file, image_file, brush_size, black_level) VALUES ('6ae9cc21-76af-46f4-afd0-80710524347c', 0, '58ac297744efa307772b07749ba378a0cc1e20ee15763d22ebd57f72fa275adf', '', -1, 0);
INSERT INTO public.game_images (game_id, mode, svg_file, image_file, brush_size, black_level) VALUES ('b4270861-1acd-4fa8-a7b0-a1516cf19cd9', 4, '60a1cd5dea6c6d6baf9303ca2891475a2dd144bb6fc25876e9a4ee159f5eea26', '', -1, 0);
INSERT INTO public.game_images (game_id, mode, svg_file, image_file, brush_size, black_level) VALUES ('f19f8355-dd6b-4f8d-b8f6-086c7e961166', 0, 'b96c037feb56aa8df4bb87efbd7ed30690be5e5b483c7c0f42c805df71fc2073', '', -1, 0);
INSERT INTO public.game_images (game_id, mode, svg_file, image_file, brush_size, black_level) VALUES ('7568ddaa-03ca-41da-b270-9920a880783a', 3, '538314cb2bdc0faf3cacff03380f0a033c295f8d98de82e969454d70b7d12672', '5a9db2f0fbc8a3a4e049152d3f6235cd51df4dc7e68afdcd36b1aa5d9b42c654', 12, 0.5);
INSERT INTO public.game_images (game_id, mode, svg_file, image_file, brush_size, black_level) VALUES ('9752c813-14ed-4d8e-9676-2c2b075e08d3', 3, 'd92089bef3b9b6c1d337cbb9be900d18f8784cb8d73277836b98bd8c74d19d23', '91942492bc39489e2e3d075c21c343dcfa10e498269a17cd4ff353290d661846', 7, 0.87);
INSERT INTO public.game_images (game_id, mode, svg_file, image_file, brush_size, black_level) VALUES ('3fd30e32-0e4a-4b04-a44e-4c97aa8a5595', 3, '678eb8719f5c5b3f8e068c173e8fd4852f8f5e0cac16c3e871d752f1c3ba9164', 'a54e630c3fdbc5be3a5767baefabb74ba76dc99edde83a1c1d965c840931e83a', 12, 0.5);
INSERT INTO public.game_images (game_id, mode, svg_file, image_file, brush_size, black_level) VALUES ('d65c7172-a45c-4f8b-8d4f-7ff483344190', 3, 'b18d5a3305d57ea96e9925d13851289050c3ec57ba4b92f2a14d0a33aa12b15a', 'a21106c5856626a00898abefdc5367d761a75ab0e7279ab022788bffe227f7e0', 12, 0.5);
INSERT INTO public.game_images (game_id, mode, svg_file, image_file, brush_size, black_level) VALUES ('a48743a4-30e2-4c12-be11-563286522cfd', 3, '5bfc8efb7b406fa7c68950e839c4ca1b97b992ecc52844b14dfd14e9a2e09d34', '755dbf768ce67c4eb28ce35f3f7b2a26aa2cf82cbac770d1f8fe927ce27b52cd', 12, 0.5);
INSERT INTO public.game_images (game_id, mode, svg_file, image_file, brush_size, black_level) VALUES ('ebe26f88-d423-4d55-9580-a2b9774e410a', 3, '6944ae79902373896d4b65238ed354ff347be894b909a1e33a2bcb9a7b188434', '9ea793163134b0493dce0cccc6ef31fe7056cdf1594a69982465b7b89e3b6a25', 12, 0.5);
INSERT INTO public.game_images (game_id, mode, svg_file, image_file, brush_size, black_level) VALUES ('3cb41a2c-69ed-4821-8d92-5e861c184cee', 3, '7cf47d68f4213f8f4b30554f79ca74b6e725dbb30a556577945a8ce930dbe86f', 'ddd0bb19b1f1301d4549145fa5392221c32487c90ddb69819d1a692365b259e7', 12, 0.5);
INSERT INTO public.game_images (game_id, mode, svg_file, image_file, brush_size, black_level) VALUES ('be31382f-d3df-4866-aeb6-b5bd0b553000', 3, 'bbc41af0f6485c8129b51a9b6287f7f1a590710cfc00df25ff24c9bc77238147', '07470bc70701f770fe3254374f2cbbc092d94765cf5159024b3c2a4e56e5eb0a', 12, 0.5);
INSERT INTO public.game_images (game_id, mode, svg_file, image_file, brush_size, black_level) VALUES ('91c11ef6-07cb-4563-bbf6-3970a51d2e03', 3, '38d870fa00f85c8fe5fd0c0f5c0dd7abd1294c95899e2c11bb1f11b1e3f037e3', '197ca1375391a60f2b86bdc94956d84bc7225770f34e43abc26be4ee61783202', 12, 0.5);
INSERT INTO public.game_images (game_id, mode, svg_file, image_file, brush_size, black_level) VALUES ('00813e6a-09d8-41e4-bcfb-23614684045b', 3, 'de355ad259a55cdd62b07a0b989c118fd4d5f37d774f314ff946e14fdc7d3416', '91fd0adf8912281d2693db7c10e38b2fae7f59781cf90677770d6469c2860693', 12, 0.5);
INSERT INTO public.game_images (game_id, mode, svg_file, image_file, brush_size, black_level) VALUES ('587636d5-11ab-45e1-8e9d-6ca3b9405a4c', 3, 'd972b5fd3e39b9e4c1d14c931897f78e18b53cc0a257e6ac1f9ef8a02f05959f', '7d131ba18e8b88be061d2bef3e6daa6979846b922ab3cb63397cd251f29b5008', 12, 0.5);
INSERT INTO public.game_images (game_id, mode, svg_file, image_file, brush_size, black_level) VALUES ('2a766b0c-01ce-44e1-9eb5-447319bfaa7a', 3, 'c5d6880e478e78985fd111ce74f27cf804de1b4ea7f50bbad9ac10c13726bfe1', '5570c98bab12a6ca89d9275e461457ed7ceed1dc0cce9b671579576a36ba2d61', 12, 0.5);
